{
  "Deposit" : {
    "transaction" : "Deposit",
    "sampleCount" : 10,
    "errorCount" : 0,
    "errorPct" : 0.0,
    "meanResTime" : 313.1,
    "medianResTime" : 308.5,
    "minResTime" : 195.0,
    "maxResTime" : 449.0,
    "pct1ResTime" : 447.7,
    "pct2ResTime" : 449.0,
    "pct3ResTime" : 449.0,
    "throughput" : 0.10350252546162127,
    "receivedKBytesPerSec" : 0.03822720227498551,
    "sentKBytesPerSec" : 0.05559217676161298
  },
  "Payment" : {
    "transaction" : "Payment",
    "sampleCount" : 5,
    "errorCount" : 0,
    "errorPct" : 0.0,
    "meanResTime" : 359.0,
    "medianResTime" : 342.0,
    "minResTime" : 330.0,
    "maxResTime" : 407.0,
    "pct1ResTime" : 407.0,
    "pct2ResTime" : 407.0,
    "pct3ResTime" : 407.0,
    "throughput" : 0.05191191586116677,
    "receivedKBytesPerSec" : 0.018371951472741056,
    "sentKBytesPerSec" : 0.027882376683243875
  },
  "Admin Login" : {
    "transaction" : "Admin Login",
    "sampleCount" : 1,
    "errorCount" : 0,
    "errorPct" : 0.0,
    "meanResTime" : 615.0,
    "medianResTime" : 615.0,
    "minResTime" : 615.0,
    "maxResTime" : 615.0,
    "pct1ResTime" : 615.0,
    "pct2ResTime" : 615.0,
    "pct3ResTime" : 615.0,
    "throughput" : 1.6260162601626016,
    "receivedKBytesPerSec" : 0.8717606707317074,
    "sentKBytesPerSec" : 0.5160696138211383
  },
  "Send Money" : {
    "transaction" : "Send Money",
    "sampleCount" : 10,
    "errorCount" : 0,
    "errorPct" : 0.0,
    "meanResTime" : 253.70000000000002,
    "medianResTime" : 251.5,
    "minResTime" : 143.0,
    "maxResTime" : 376.0,
    "pct1ResTime" : 375.3,
    "pct2ResTime" : 376.0,
    "pct3ResTime" : 376.0,
    "throughput" : 0.10364520174538519,
    "receivedKBytesPerSec" : 0.0370349407408559,
    "sentKBytesPerSec" : 0.055871241565871706
  },
  "Total" : {
    "transaction" : "Total",
    "sampleCount" : 26,
    "errorCount" : 0,
    "errorPct" : 0.0,
    "meanResTime" : 310.6923076923076,
    "medianResTime" : 344.0,
    "minResTime" : 143.0,
    "maxResTime" : 615.0,
    "pct1ResTime" : 439.90000000000003,
    "pct2ResTime" : 556.8999999999997,
    "pct3ResTime" : 615.0,
    "throughput" : 0.26540632687851534,
    "receivedKBytesPerSec" : 0.09771307151679716,
    "sentKBytesPerSec" : 0.14050864548349887
  }
}